{
    "PrimaryWeapon": {
        "RelativeModelPath": "ModWeapon.fbx",
        "OffsetFromBoneToFollow": {
            "Position": {
                "x": 0.07999999821186066,
                "y": 0.05999999865889549,
                "z": 0.03999999910593033
            },
            "Rotation": {
                "x": 24.0,
                "y": 180.0,
                "z": 74.0
            },
            "Scale": {
                "x": 1.0,
                "y": 1.0,
                "z": 1.0
            }
        },
        "BoneToFollow": "HandR",
        "RelativeTexturePath": [
            "ModWeapon.jpg"
        ]
    },
    "SecondaryWeapon": {
        "RelativeModelPath": "",
        "OffsetFromBoneToFollow": {
            "Position": {
                "x": 0.0,
                "y": 0.0,
                "z": 0.0
            },
            "Rotation": {
                "x": 0.0,
                "y": 0.0,
                "z": 0.0
            },
            "Scale": {
                "x": 0.0,
                "y": 0.0,
                "z": 0.0
            }
        },
        "BoneToFollow": "",
        "RelativeTexturePath": []
    },
    "RelativeIconPath": "SwampMonsterWeaponIcon.jpg"
}