{
    "RelativeModelPath": "ModCharacter-RIG_Renamed.fbx",
    "RelativeIconPath": "SwampMoster_Icon.png",
    "RelativeTexturePath": [
        "ModCharacter-RIG.jpg"
    ],
    "Scale": 1.0,
    "BaseWeaponScale": 1.0,
    "MenuCameraZoom": 1.0,
    "RightHandOffset": {
        "Position": {
            "x": 0.10000000149011612,
            "y": 0.03999999910593033,
            "z": 0.0
        },
        "Rotation": {
            "x": -15.0,
            "y": 0.0,
            "z": 0.0
        },
        "Scale": {
            "x": 1.0,
            "y": 1.0,
            "z": 1.0
        }
    },
    "LeftHandOffset": {
        "Position": {
            "x": -0.03999999910593033,
            "y": 0.0,
            "z": 0.019999999552965165
        },
        "Rotation": {
            "x": 0.0,
            "y": 0.0,
            "z": 0.0
        },
        "Scale": {
            "x": 1.0,
            "y": 1.0,
            "z": 1.0
        }
    },
    "AccentColor": {
        "r": 0.0,
        "g": 1.0,
        "b": 0.0,
        "a": 1.0
    }
}